<?xml version="1.0"?>
<!--<!DOCTYPE metadata SYSTEM "http://www.esri.com/metadata/esriprof80.dtd">-->
<metadata xml:lang="en"><Esri><CreaDate>20110919</CreaDate><CreaTime>09163100</CreaTime><SyncOnce>FALSE</SyncOnce><SyncDate>20110902</SyncDate><SyncTime>09571500</SyncTime><ModDate>20110902</ModDate><ModTime>10003000</ModTime><DataProperties><lineage><Process ToolSource="D:\Program Files\ArcGIS\ArcToolbox\Toolboxes\Data Management Tools.tbx\CopyFeatures" Date="20101117" Time="160721">CopyFeatures R:\latest\covers\nghbrhd08\polygon R:\latest\shapes\standards\nghbrhd08_polygon.shp # 0 0 0</Process><Process ToolSource="D:\Program Files\ArcGIS\ArcToolbox\Toolboxes\Conversion Tools.tbx\FeatureClassToFeatureClass" Date="20110321" Time="121356">FeatureClassToFeatureClass R:\latest\shapes\standards\nghbrhd10_polygon.shp "Database Connections\admin.sde" Neighborhoods2010_rev1 # "AREA 'AREA' true true false 19 Double 0 0 ,First,#,R:\latest\shapes\standards\nghbrhd10_polygon.shp,AREA,-1,-1;PERIMETER 'PERIMETER' true true false 19 Double 0 0 ,First,#,R:\latest\shapes\standards\nghbrhd10_polygon.shp,PERIMETER,-1,-1;NGHBRHD08_ 'NGHBRHD08_' true true false 9 Long 0 9 ,First,#,R:\latest\shapes\standards\nghbrhd10_polygon.shp,NGHBRHD08_,-1,-1;NGHBRHD081 'NGHBRHD081' true true false 9 Long 0 9 ,First,#,R:\latest\shapes\standards\nghbrhd10_polygon.shp,NGHBRHD081,-1,-1;PAS 'PAS' true true false 1 Text 0 0 ,First,#,R:\latest\shapes\standards\nghbrhd10_polygon.shp,PAS,-1,-1;NAME 'NAME' true true false 40 Text 0 0 ,First,#,R:\latest\shapes\standards\nghbrhd10_polygon.shp,NAME,-1,-1" # "Database Connections\admin.sde\GIS_PLANNING.Neighborhoods2010_rev1"</Process></lineage></DataProperties><ArcGISFormat>1.0</ArcGISFormat></Esri><idinfo><citation><citeinfo><onlink Sync="TRUE">Service=sde:oracle10g; User=gis_planning; Version=SDE.DEFAULT</onlink><origin>Community Planning Division PCPC</origin><pubdate>3/21/11</pubdate><title Sync="TRUE">GIS_PLANNING.Neighborhoods2010_rev1</title><ftname Sync="TRUE">GIS_PLANNING.Neighborhoods2010_rev1</ftname><geoform Sync="TRUE">vector digital data</geoform></citeinfo></citation><native Sync="TRUE">Microsoft Windows XP Version 5.1 (Build 2600) Service Pack 3; ESRI ArcCatalog 9.3.1.3500</native><descript><langdata Sync="TRUE">en</langdata><abstract>Philadelphia neighborhoods as observed by the Community Planning Division of PCPC</abstract><purpose>To display the geographic extent commonly ascribed to a given neighborhood</purpose></descript><timeperd><current>March 2011</current><timeinfo><sngdate><caldate>Mar 2011</caldate></sngdate></timeinfo></timeperd><status><progress>Complete</progress><update>As needed</update></status><spdom><bounding><westbc Sync="TRUE">-75.279212</westbc><eastbc Sync="TRUE">-74.954039</eastbc><northbc Sync="TRUE">40.143699</northbc><southbc Sync="TRUE">39.872346</southbc></bounding><lboundng><leftbc Sync="TRUE">2661853.787431</leftbc><rightbc Sync="TRUE">2750112.778564</rightbc><bottombc Sync="TRUE">208681.628821</bottombc><topbc Sync="TRUE">304942.427440</topbc></lboundng></spdom><keywords><theme><themekt>REQUIRED: Reference to a formally registered thesaurus or a similar authoritative source of theme keywords.</themekt><themekey>Neighborhoods 2010 Revision 1</themekey></theme></keywords><accconst>REQUIRED: Restrictions and legal prerequisites for accessing the data set.</accconst><useconst>REQUIRED: Restrictions and legal prerequisites for using the data set after access is granted.</useconst><natvform Sync="TRUE">SDE Feature Class</natvform><ptcontac><cntinfo><cntperp><cntper>Vic Davis</cntper><cntorg>Philadelphia City Planning Commission</cntorg></cntperp><cntpos>GIS Manager</cntpos><cntvoice>215 683 4623</cntvoice><cntemail>victor.davis@phila.gov</cntemail></cntinfo></ptcontac></idinfo><distInfo><distributor><distorTran><onLineSrc><linkage Sync="TRUE">file://Service=sde:oracle10g; User=gis_planning; Version=SDE.DEFAULT</linkage><protocol Sync="TRUE">Local Area Network</protocol><orDesc Sync="TRUE">002</orDesc></onLineSrc><transSize Sync="TRUE">0.290</transSize></distorTran><distorFormat><formatName Sync="TRUE">SDE Feature Class</formatName></distorFormat></distributor></distInfo><dataqual><lineage><procstep><procdesc Sync="TRUE">Dataset copied.</procdesc><srcused Sync="TRUE">e:\ae_neigh\pb_neigh</srcused><date Sync="TRUE">20061115</date><time Sync="TRUE">10443900</time></procstep><procstep><procdesc Sync="TRUE">Dataset copied.</procdesc><srcused Sync="TRUE">r:\latest\covers\nehbrhds</srcused><date Sync="TRUE">20080304</date><time Sync="TRUE">10120400</time></procstep><procstep><procdesc Sync="TRUE">Dataset copied.</procdesc><srcused Sync="TRUE">R:\latest\shapes\standards\nghbrhd08_polygon</srcused><procdate Sync="TRUE">20101222</procdate><proctime Sync="TRUE">13235000</proctime></procstep></lineage></dataqual><dataIdInfo><envirDesc Sync="TRUE">Microsoft Windows XP Version 5.1 (Build 2600) Service Pack 3; ESRI ArcCatalog 9.3.1.3500</envirDesc><dataLang><languageCode Sync="TRUE" value="en"></languageCode></dataLang><idCitation><resTitle Sync="TRUE">GIS_PLANNING.Neighborhoods2010_rev1</resTitle><presForm><PresFormCd Sync="TRUE" value="005"></PresFormCd></presForm></idCitation><spatRpType><SpatRepTypCd Sync="TRUE" value="001"></SpatRepTypCd></spatRpType><dataExt><geoEle><GeoBndBox esriExtentType="native"><westBL Sync="TRUE">2661853.787431</westBL><eastBL Sync="TRUE">2750112.778564</eastBL><northBL Sync="TRUE">304942.42744</northBL><southBL Sync="TRUE">208681.628821</southBL><exTypeCode Sync="TRUE">1</exTypeCode></GeoBndBox></geoEle></dataExt><geoBox esriExtentType="decdegrees"><westBL Sync="TRUE">-75.279212</westBL><eastBL Sync="TRUE">-74.954039</eastBL><northBL Sync="TRUE">40.143699</northBL><southBL Sync="TRUE">39.872346</southBL><exTypeCode Sync="TRUE">1</exTypeCode></geoBox></dataIdInfo><metainfo><langmeta Sync="TRUE">en</langmeta><metstdn Sync="TRUE">FGDC Content Standards for Digital Geospatial Metadata</metstdn><metstdv Sync="TRUE">FGDC-STD-001-1998</metstdv><mettc Sync="TRUE">local time</mettc><metc><cntinfo><cntorgp><cntper>REQUIRED: The person responsible for the metadata information.</cntper><cntorg>REQUIRED: The organization responsible for the metadata information.</cntorg></cntorgp><cntaddr><addrtype>REQUIRED: The mailing and/or physical address for the organization or individual.</addrtype><city>REQUIRED: The city of the address.</city><state>REQUIRED: The state or province of the address.</state><postal>REQUIRED: The ZIP or other postal code of the address.</postal></cntaddr><cntvoice>REQUIRED: The telephone number by which individuals can speak to the organization or individual.</cntvoice></cntinfo></metc><metd Sync="TRUE">20110902</metd><metextns><onlink Sync="TRUE">http://www.esri.com/metadata/esriprof80.html</onlink><metprof Sync="TRUE">ESRI Metadata Profile</metprof></metextns></metainfo><mdLang><languageCode Sync="TRUE" value="en"></languageCode></mdLang><mdStanName Sync="TRUE">ISO 19115 Geographic Information - Metadata</mdStanName><mdStanVer Sync="TRUE">DIS_ESRI1.0</mdStanVer><mdChar><CharSetCd Sync="TRUE" value="004"></CharSetCd></mdChar><mdHrLv><ScopeCd Sync="TRUE" value="005"></ScopeCd></mdHrLv><mdHrLvName Sync="TRUE">dataset</mdHrLvName><distinfo><resdesc Sync="TRUE">Downloadable Data</resdesc><stdorder><digform><digtinfo><transize Sync="TRUE">0.290</transize><dssize Sync="TRUE">0.290</dssize></digtinfo></digform></stdorder></distinfo><spdoinfo><direct Sync="TRUE">Vector</direct><ptvctinf><esriterm Name="GIS_PLANNING.Neighborhoods2010_rev1"><efeatyp Sync="TRUE">Simple</efeatyp><efeageom Sync="TRUE">Polygon</efeageom><esritopo Sync="TRUE">FALSE</esritopo><efeacnt Sync="TRUE">146</efeacnt><spindex Sync="TRUE">TRUE</spindex><linrefer Sync="TRUE">FALSE</linrefer></esriterm><sdtsterm Name="GIS_PLANNING.Neighborhoods2010_rev1"><sdtstype Sync="TRUE">G-polygon</sdtstype><ptvctcnt Sync="TRUE">146</ptvctcnt></sdtsterm></ptvctinf></spdoinfo><spref><horizsys><cordsysn><geogcsn Sync="TRUE">GCS_North_American_1983</geogcsn><projcsn Sync="TRUE">NAD_1983_StatePlane_Pennsylvania_South_FIPS_3702_Feet</projcsn></cordsysn><planar><planci><plance Sync="TRUE">coordinate pair</plance><plandu Sync="TRUE">survey feet</plandu><coordrep><absres Sync="TRUE">0.000328</absres><ordres Sync="TRUE">0.000328</ordres></coordrep></planci><mapproj><mapprojn Sync="TRUE">Lambert Conformal Conic</mapprojn><lambertc><stdparll Sync="TRUE">39.933333</stdparll><stdparll Sync="TRUE">40.966667</stdparll><longcm Sync="TRUE">-77.750000</longcm><latprjo Sync="TRUE">39.333333</latprjo><feast Sync="TRUE">1968500.000000</feast><fnorth Sync="TRUE">0.000000</fnorth></lambertc></mapproj></planar><geodetic><horizdn Sync="TRUE">North American Datum of 1983</horizdn><ellips Sync="TRUE">Geodetic Reference System 80</ellips><semiaxis Sync="TRUE">6378137.000000</semiaxis><denflat Sync="TRUE">298.257222</denflat></geodetic></horizsys><vertdef><altsys><altenc Sync="TRUE">Explicit elevation coordinate included with horizontal coordinates</altenc><altres Sync="TRUE">1.000000</altres></altsys></vertdef></spref><refSysInfo><RefSystem><refSysID><identCode Sync="TRUE">NAD_1983_StatePlane_Pennsylvania_South_FIPS_3702_Feet</identCode></refSysID></RefSystem></refSysInfo><spatRepInfo><VectSpatRep><topLvl><TopoLevCd Sync="TRUE" value="001"></TopoLevCd></topLvl><geometObjs Name="GIS_PLANNING.Neighborhoods2010_rev1"><geoObjTyp><GeoObjTypCd Sync="TRUE" value="001"></GeoObjTypCd></geoObjTyp><geoObjCnt Sync="TRUE">146</geoObjCnt></geometObjs></VectSpatRep></spatRepInfo><eainfo><detailed Name="GIS_PLANNING.Neighborhoods2010_rev1"><enttyp><enttypl Sync="TRUE">GIS_PLANNING.Neighborhoods2010_rev1</enttypl><enttypt Sync="TRUE">Feature Class</enttypt><enttypc Sync="TRUE">146</enttypc></enttyp><attr><attrlabl Sync="TRUE">OBJECTID</attrlabl><attalias Sync="TRUE">OBJECTID</attalias><attrtype Sync="TRUE">OID</attrtype><attwidth Sync="TRUE">4</attwidth><atprecis Sync="TRUE">10</atprecis><attscale Sync="TRUE">0</attscale><attrdef Sync="TRUE">Internal feature number.</attrdef><attrdefs Sync="TRUE">ESRI</attrdefs><attrdomv><udom Sync="TRUE">Sequential unique whole numbers that are automatically generated.</udom></attrdomv></attr><attr><attrlabl Sync="TRUE">GIS_PLANNING.Neighborhoods2010_rev1.AREA</attrlabl><attalias Sync="TRUE">GIS_PLANNING.Neighborhoods2010_rev1.AREA</attalias><attrtype Sync="TRUE">Double</attrtype><attwidth Sync="TRUE">8</attwidth><atprecis Sync="TRUE">38</atprecis><attscale Sync="TRUE">8</attscale></attr><attr><attrlabl Sync="TRUE">Shape</attrlabl><attalias Sync="TRUE">Shape</attalias><attrtype Sync="TRUE">Geometry</attrtype><attwidth Sync="TRUE">4</attwidth><atprecis Sync="TRUE">0</atprecis><attscale Sync="TRUE">0</attscale><attrdef Sync="TRUE">Feature geometry.</attrdef><attrdefs Sync="TRUE">ESRI</attrdefs><attrdomv><udom Sync="TRUE">Coordinates defining the features.</udom></attrdomv></attr><attr><attrlabl Sync="TRUE">PERIMETER</attrlabl><attalias Sync="TRUE">PERIMETER</attalias><attrtype Sync="TRUE">Double</attrtype><attwidth Sync="TRUE">8</attwidth><atprecis Sync="TRUE">38</atprecis><attscale Sync="TRUE">8</attscale></attr><attr><attrlabl Sync="TRUE">NGHBRHD08_</attrlabl><attalias Sync="TRUE">NGHBRHD08_</attalias><attrtype Sync="TRUE">Integer</attrtype><attwidth Sync="TRUE">4</attwidth><atprecis Sync="TRUE">9</atprecis><attscale Sync="TRUE">0</attscale></attr><attr><attrlabl Sync="TRUE">NGHBRHD081</attrlabl><attalias Sync="TRUE">NGHBRHD081</attalias><attrtype Sync="TRUE">Integer</attrtype><attwidth Sync="TRUE">4</attwidth><atprecis Sync="TRUE">9</atprecis><attscale Sync="TRUE">0</attscale></attr><attr><attrlabl Sync="TRUE">PAS</attrlabl><attalias Sync="TRUE">PAS</attalias><attrtype Sync="TRUE">String</attrtype><attwidth Sync="TRUE">1</attwidth><atprecis Sync="TRUE">0</atprecis><attscale Sync="TRUE">0</attscale></attr><attr><attrlabl Sync="TRUE">NAME</attrlabl><attalias Sync="TRUE">NAME</attalias><attrtype Sync="TRUE">String</attrtype><attwidth Sync="TRUE">40</attwidth><atprecis Sync="TRUE">0</atprecis><attscale Sync="TRUE">0</attscale></attr><attr><attrlabl Sync="TRUE">SHAPE.AREA</attrlabl><attalias Sync="TRUE">SHAPE.AREA</attalias><attrtype Sync="TRUE">Double</attrtype><attwidth Sync="TRUE">0</attwidth><atprecis Sync="TRUE">0</atprecis><attscale Sync="TRUE">0</attscale></attr><attr><attrlabl Sync="TRUE">SHAPE.LEN</attrlabl><attalias Sync="TRUE">SHAPE.LEN</attalias><attrtype Sync="TRUE">Double</attrtype><attwidth Sync="TRUE">0</attwidth><atprecis Sync="TRUE">0</atprecis><attscale Sync="TRUE">0</attscale></attr></detailed></eainfo><mdDateSt Sync="TRUE">20110902</mdDateSt></metadata>
